timestamp,cash,positions_value,total_value,pnl,pnl_pct,cumulative_costs,position_count
2022-01-01T00:00:00.000000,1000000.0,0.0,1000000.0,0.0,0.0,0.0,0
2022-01-02T00:00:00.000000,1000000.0,0.0,1000000.0,0.0,0.0,0.0,0
2022-01-03T00:00:00.000000,1000000.0,0.0,1000000.0,0.0,0.0,0.0,0
2022-01-04T00:00:00.000000,1000000.0,0.0,1000000.0,0.0,0.0,0.0,0
2022-01-05T00:00:00.000000,1000000.0,0.0,1000000.0,0.0,0.0,0.0,0
2022-01-06T00:00:00.000000,1000000.0,0.0,1000000.0,0.0,0.0,0.0,0
2022-01-07T00:00:00.000000,1000000.0,0.0,1000000.0,0.0,0.0,0.0,0
2022-01-08T00:00:00.000000,1000000.0,0.0,1000000.0,0.0,0.0,0.0,0
2022-01-09T00:00:00.000000,1000000.0,0.0,1000000.0,0.0,0.0,0.0,0
2022-01-10T00:00:00.000000,1000000.0,0.0,1000000.0,0.0,0.0,0.0,0
2022-01-11T00:00:00.000000,1000000.0,0.0,1000000.0,0.0,0.0,0.0,0
2022-01-12T00:00:00.000000,1000000.0,0.0,1000000.0,0.0,0.0,0.0,0
2022-01-13T00:00:00.000000,1000000.0,0.0,1000000.0,0.0,0.0,0.0,0
2022-01-14T00:00:00.000000,-300.0,1000000.0,999700.0,-300.0,-0.03,300.0,10
2022-01-15T00:00:00.000000,-57.219638719107024,1010210.8185640692,1010153.5989253501,10153.598925350117,1.0153598925350118,414.54647548927255,10
2022-01-16T00:00:00.000000,-148.09281799210294,1002930.1777925298,1002782.0849745377,2782.08497453772,0.27820849745377196,710.7937236940634,10
2022-01-17T00:00:00.000000,-79.49744622744038,953828.947841179,953749.4503949515,-46250.549605048494,-4.625054960504849,869.8569137175301,10
2022-01-18T00:00:00.000000,-79.13276569734444,909438.4879290023,909359.355163305,-90640.64483669505,-9.064064483669505,1028.170048456834,10
2022-01-19T00:00:00.000000,-75.96819365376723,859735.2932198572,859659.3250262034,-140340.6749737966,-14.03406749737966,1180.1529800154733,10
2022-01-20T00:00:00.000000,-95.00785625260323,815642.1290388335,815547.121182581,-184452.87881741906,-18.445287881741905,1370.2200007281124,10
2022-01-21T00:00:00.000000,-61.52627061450039,719158.46937155,719096.9431009355,-280903.05689906445,-28.090305689906447,1493.3195162874667,10
2022-01-22T00:00:00.000000,-34.723553957548575,638486.205729572,638451.4821756145,-361548.51782438555,-36.154851782438556,1562.7955078150085,10
2022-01-23T00:00:00.000000,-55.0882953300752,664661.8953947615,664606.8070994314,-335393.1929005686,-33.53931929005686,1672.9990501154616,10
2022-01-24T00:00:00.000000,-42.5437570681388,650575.302283655,650532.7585265869,-349467.2414734131,-34.94672414734131,1758.1158626569595,10
2022-01-25T00:00:00.000000,-37.73541885575105,656258.7577368901,656221.0223180343,-343778.9776819657,-34.37789776819657,1833.61079134854,10
2022-01-26T00:00:00.000000,-37.73541885575105,645887.333544292,645849.5981254362,-354150.4018745638,-35.41504018745638,1833.61079134854,10
2022-01-27T00:00:00.000000,-88.97650021049049,630136.1701472347,630047.1936470242,-369952.8063529758,-36.995280635297576,2011.6018167526236,10
2022-01-28T00:00:00.000000,-35.362362748841406,635441.4158487833,635406.0534860345,-364593.9465139655,-36.45939465139655,2082.363855103043,10
2022-01-29T00:00:00.000000,-65.23665215226356,686119.1894410503,686053.952788898,-313946.047211102,-31.3946047211102,2212.8673481686865,10
2022-01-30T00:00:00.000000,-58.62622729851137,666935.6699010666,666877.043673768,-333122.95632623194,-33.3122956326232,2330.1569727805536,10
2022-01-31T00:00:00.000000,-18.846290802423027,715138.4898946328,715119.6436038304,-284880.35639616963,-28.488035639616964,2367.872803115444,10
2022-02-01T00:00:00.000000,-57.39403164205578,695869.5617232876,695812.1676916456,-304187.83230835444,-30.418783230835444,2482.68374535997,10
2022-02-02T00:00:00.000000,-34.41806130457553,657176.8305342728,657142.4124729682,-342857.5875270318,-34.285758752703174,2551.547419862559,10
2022-02-03T00:00:00.000000,-56.92641397968691,660178.3162881681,660121.3898741883,-339878.61012581165,-33.98786101258116,2665.4276593880136,10
2022-02-04T00:00:00.000000,-40.362676134420326,701217.149445876,701176.7867697416,-298823.21323025844,-29.882321323025845,2746.1822071425545,10
2022-02-05T00:00:00.000000,-59.600821112893755,744431.2711243115,744371.6703031986,-255628.32969680137,-25.562832969680137,2865.413847416944,10
2022-02-06T00:00:00.000000,-93.38716996496078,746307.2500529194,746213.8628829544,-253786.13711704558,-25.378613711704556,3052.234097517244,10
2022-02-07T00:00:00.000000,-111.60538185763289,777806.1636795034,777694.5582976458,-222305.44170235423,-22.230544170235422,3275.506377453007,10
2022-02-08T00:00:00.000000,-86.22753663678304,767693.0043936108,767606.776856974,-232393.223143026,-23.239322314302598,3448.020818412442,10
2022-02-09T00:00:00.000000,-85.47285748837749,768250.5108099655,768165.0379524771,-231834.9620475229,-23.183496204752288,3619.018058965148,10
2022-02-10T00:00:00.000000,-39.33013074792689,722764.6540307561,722725.3239000081,-277274.6760999919,-27.72746760999919,3697.7157725930992,10
2022-02-11T00:00:00.000000,-19.38881224571378,675028.5850717918,675009.1962595461,-324990.8037404539,-32.49908037404539,3736.5110180537035,10
2022-02-12T00:00:00.000000,-36.326400073718105,672614.7867924526,672578.4603923789,-327421.53960762115,-32.74215396076212,3809.1805377807004,10
2022-02-13T00:00:00.000000,-58.865741345907736,650664.5724007721,650605.7066594262,-349394.2933405738,-34.93942933405737,3926.9405866848388,10
2022-02-14T00:00:00.000000,-43.858910721261054,645923.4706096479,645879.6116989267,-354120.38830107334,-35.412038830107335,4014.6892347709654,10
2022-02-15T00:00:00.000000,-85.86296711085015,685861.7911372159,685775.9281701051,-314224.0718298949,-31.42240718298949,4186.454097234547,10
2022-02-16T00:00:00.000000,-59.139525086211506,623568.0119993092,623508.8724742229,-376491.1275257771,-37.64911275257771,4304.776661208791,11
2022-02-17T00:00:00.000000,-63.00120480374608,568552.1377410875,568489.1365362838,-431510.86346371623,-43.15108634637163,4430.815724031171,11
2022-02-18T00:00:00.000000,-53.83825827152759,546683.9321457268,546630.0938874552,-453369.9061125448,-45.33699061125448,4538.5273029319,11
2022-02-19T00:00:00.000000,-43.38919042143243,547674.9877393901,547631.5985489687,-452368.4014510313,-45.23684014510314,4625.334860762526,11
2022-02-20T00:00:00.000000,-41.059490468527656,513927.3971454657,513886.3376549972,-486113.6623450028,-48.61136623450028,4707.479183906523,11
2022-02-21T00:00:00.000000,-75.80490807625756,462234.4115036315,462158.60659555526,-537841.3934044447,-53.78413934044447,4859.124069899625,11
2022-02-22T00:00:00.000000,-39.64415523868229,479936.0708559608,479896.4267007221,-520103.5732992779,-52.01035732992779,4938.447025489541,11
2022-02-23T00:00:00.000000,-38.977209143558866,476844.7648443998,476805.78763525625,-523194.21236474375,-52.31942123647437,5016.425037264062,11
2022-02-24T00:00:00.000000,-43.03238935936679,485827.9003965778,485784.8680072184,-514215.1319927816,-51.42151319927816,5102.51442624543,11
2022-02-25T00:00:00.000000,-54.938947668575565,512774.9938801026,512720.054932434,-487279.945067566,-48.7279945067566,5212.4217218038075,11
2022-02-26T00:00:00.000000,-28.472039302956546,530915.6852101845,530887.2131708816,-469112.7868291184,-46.91127868291184,5269.390831215068,11
2022-02-27T00:00:00.000000,-26.71234081342118,493240.2737686607,493213.5614278473,-506786.4385721527,-50.67864385721526,5322.832073124035,11
2022-02-28T00:00:00.000000,-26.71234081342118,581952.7065659787,581925.9942251653,-418074.00577483466,-41.80740057748346,5322.832073124035,11
2022-02-28T00:00:00.000000,581751.4084131953,0.0,581751.4084131953,-418248.5915868047,-41.824859158680475,5497.417885093828,1
